date,sentiment_data,symbol
2015-09-27,59,AAPL
2015-10-04,53,AAPL
2015-10-11,47,AAPL
2015-10-18,52,AAPL
2015-10-25,45,AAPL
2015-11-01,45,AAPL
2015-11-08,47,AAPL
2015-11-15,46,AAPL
2015-11-22,45,AAPL
2015-11-29,41,AAPL
2015-12-06,45,AAPL
2015-12-13,53,AAPL
2015-12-20,56,AAPL
2015-12-27,53,AAPL
2016-01-03,52,AAPL
2016-01-10,45,AAPL
2016-01-17,43,AAPL
2016-01-24,42,AAPL
2016-01-31,41,AAPL
2016-02-07,40,AAPL
2016-02-14,39,AAPL
2016-02-21,50,AAPL
2016-02-28,37,AAPL
2016-03-06,36,AAPL
2016-03-13,36,AAPL
2016-03-20,49,AAPL
2016-03-27,47,AAPL
2016-04-03,38,AAPL
2016-04-10,45,AAPL
2016-04-17,36,AAPL
2016-04-24,47,AAPL
2016-05-01,41,AAPL
2016-05-08,42,AAPL
2016-05-15,40,AAPL
2016-05-22,38,AAPL
2016-05-29,38,AAPL
2016-06-05,42,AAPL
2016-06-12,44,AAPL
2016-06-19,45,AAPL
2016-06-26,40,AAPL
2016-07-03,40,AAPL
2016-07-10,39,AAPL
2016-07-17,38,AAPL
2016-07-24,40,AAPL
2016-07-31,41,AAPL
2016-08-07,40,AAPL
2016-08-14,33,AAPL
2016-08-21,40,AAPL
2016-08-28,39,AAPL
2016-09-04,93,AAPL
2016-09-11,78,AAPL
2016-09-18,66,AAPL
2016-09-25,50,AAPL
2016-10-02,45,AAPL
2016-10-09,54,AAPL
2016-10-16,48,AAPL
2016-10-23,56,AAPL
2016-10-30,51,AAPL
2016-11-06,48,AAPL
2016-11-13,52,AAPL
2016-11-20,67,AAPL
2016-11-27,53,AAPL
2016-12-04,53,AAPL
2016-12-11,50,AAPL
2016-12-18,59,AAPL
2016-12-25,62,AAPL
2017-01-01,57,AAPL
2017-01-08,52,AAPL
2017-01-15,48,AAPL
2017-01-22,46,AAPL
2017-01-29,51,AAPL
2017-02-05,47,AAPL
2017-02-12,45,AAPL
2017-02-19,88,AAPL
2017-02-26,52,AAPL
2017-03-05,46,AAPL
2017-03-12,43,AAPL
2017-03-19,46,AAPL
2017-03-26,44,AAPL
2017-04-02,40,AAPL
2017-04-09,45,AAPL
2017-04-16,41,AAPL
2017-04-23,41,AAPL
2017-04-30,47,AAPL
2017-05-07,42,AAPL
2017-05-14,38,AAPL
2017-05-21,43,AAPL
2017-05-28,39,AAPL
2017-06-04,49,AAPL
2017-06-11,43,AAPL
2017-06-18,45,AAPL
2017-06-25,41,AAPL
2017-07-02,45,AAPL
2017-07-09,48,AAPL
2017-07-16,43,AAPL
2017-07-23,44,AAPL
2017-07-30,53,AAPL
2017-08-06,49,AAPL
2017-08-13,46,AAPL
2017-08-20,38,AAPL
2017-08-27,44,AAPL
2017-09-03,47,AAPL
2017-09-10,98,AAPL
2017-09-17,80,AAPL
2017-09-24,66,AAPL
2017-10-01,60,AAPL
2017-10-08,50,AAPL
2017-10-15,55,AAPL
2017-10-22,56,AAPL
2017-10-29,69,AAPL
2017-11-05,62,AAPL
2017-11-12,58,AAPL
2017-11-19,68,AAPL
2017-11-26,71,AAPL
2017-12-03,57,AAPL
2017-12-10,55,AAPL
2017-12-17,62,AAPL
2017-12-24,71,AAPL
2017-12-31,54,AAPL
2018-01-07,49,AAPL
2018-01-14,50,AAPL
2018-01-21,48,AAPL
2018-01-28,53,AAPL
2018-02-04,50,AAPL
2018-02-11,50,AAPL
2018-02-18,47,AAPL
2018-02-25,50,AAPL
2018-03-04,46,AAPL
2018-03-11,42,AAPL
2018-03-18,45,AAPL
2018-03-25,44,AAPL
2018-04-01,49,AAPL
2018-04-08,41,AAPL
2018-04-15,46,AAPL
2018-04-22,41,AAPL
2018-04-29,46,AAPL
2018-05-06,48,AAPL
2018-05-13,48,AAPL
2018-05-20,43,AAPL
2018-05-27,40,AAPL
2018-06-03,48,AAPL
2018-06-10,48,AAPL
2018-06-17,41,AAPL
2018-06-24,44,AAPL
2018-07-01,44,AAPL
2018-07-08,46,AAPL
2018-07-15,48,AAPL
2018-07-22,49,AAPL
2018-07-29,56,AAPL
2018-08-05,46,AAPL
2018-08-12,46,AAPL
2018-08-19,50,AAPL
2018-08-26,47,AAPL
2018-09-02,47,AAPL
2018-09-09,100,AAPL
2018-09-16,83,AAPL
2018-09-23,73,AAPL
2018-09-30,66,AAPL
2018-10-07,58,AAPL
2018-10-14,53,AAPL
2018-10-21,53,AAPL
2018-10-28,61,AAPL
2018-11-04,53,AAPL
2018-11-11,61,AAPL
2018-11-18,74,AAPL
2018-11-25,62,AAPL
2018-12-02,57,AAPL
2018-12-09,62,AAPL
2018-12-16,62,AAPL
2018-12-23,80,AAPL
2018-12-30,71,AAPL
2019-01-06,56,AAPL
2019-01-13,52,AAPL
2019-01-20,55,AAPL
2019-01-27,50,AAPL
2019-02-03,53,AAPL
2019-02-10,51,AAPL
2019-02-17,47,AAPL
2019-02-24,44,AAPL
2019-03-03,52,AAPL
2019-03-10,44,AAPL
2019-03-17,50,AAPL
2019-03-24,47,AAPL
2019-03-31,56,AAPL
2019-04-07,51,AAPL
2019-04-14,49,AAPL
2019-04-21,46,AAPL
2019-04-28,48,AAPL
2019-05-05,42,AAPL
2019-05-12,49,AAPL
2019-05-19,43,AAPL
2019-05-26,46,AAPL
2019-06-02,49,AAPL
2019-06-09,49,AAPL
2019-06-16,44,AAPL
2019-06-23,49,AAPL
2019-06-30,45,AAPL
2019-07-07,49,AAPL
2019-07-14,53,AAPL
2019-07-21,53,AAPL
2019-07-28,56,AAPL
2019-08-04,54,AAPL
2019-08-11,51,AAPL
2019-08-18,55,AAPL
2019-08-25,49,AAPL
2019-09-01,55,AAPL
2019-09-08,83,AAPL
2019-09-15,73,AAPL
2019-09-22,73,AAPL
2019-09-29,63,AAPL
2019-10-06,59,AAPL
2019-10-13,54,AAPL
2019-10-20,55,AAPL
2019-10-27,55,AAPL
2019-11-03,60,AAPL
2019-11-10,66,AAPL
2019-11-17,60,AAPL
2019-11-24,64,AAPL
2019-12-01,68,AAPL
2019-12-08,60,AAPL
2019-12-15,62,AAPL
2019-12-22,76,AAPL
2019-12-29,76,AAPL
2020-01-05,58,AAPL
2020-01-12,67,AAPL
2020-01-19,56,AAPL
2020-01-26,56,AAPL
2020-02-02,59,AAPL
2020-02-09,53,AAPL
2020-02-16,55,AAPL
2020-02-23,58,AAPL
2020-03-01,51,AAPL
2020-03-08,46,AAPL
2020-03-15,43,AAPL
2020-03-22,41,AAPL
2020-03-29,41,AAPL
2020-04-05,42,AAPL
2020-04-12,54,AAPL
2020-04-19,54,AAPL
2020-04-26,51,AAPL
2020-05-03,52,AAPL
2020-05-10,59,AAPL
2020-05-17,55,AAPL
2020-05-24,53,AAPL
2020-05-31,54,AAPL
2020-06-07,54,AAPL
2020-06-14,54,AAPL
2020-06-21,52,AAPL
2020-06-28,55,AAPL
2020-07-05,51,AAPL
2020-07-12,51,AAPL
2020-07-19,59,AAPL
2020-07-26,65,AAPL
2020-08-02,61,AAPL
2020-08-09,61,AAPL
2020-08-16,68,AAPL
2020-08-23,71,AAPL
2020-08-30,76,AAPL
2020-09-06,59,AAPL
2020-09-13,73,AAPL
2015-09-27,67,MSFT
2015-10-04,81,MSFT
2015-10-11,82,MSFT
2015-10-18,69,MSFT
2015-10-25,42,MSFT
2015-11-01,42,MSFT
2015-11-08,58,MSFT
2015-11-15,92,MSFT
2015-11-22,68,MSFT
2015-11-29,72,MSFT
2015-12-06,71,MSFT
2015-12-13,60,MSFT
2015-12-20,41,MSFT
2015-12-27,57,MSFT
2016-01-03,64,MSFT
2016-01-10,65,MSFT
2016-01-17,66,MSFT
2016-01-24,67,MSFT
2016-01-31,61,MSFT
2016-02-07,45,MSFT
2016-02-14,42,MSFT
2016-02-21,39,MSFT
2016-02-28,57,MSFT
2016-03-06,58,MSFT
2016-03-13,50,MSFT
2016-03-20,52,MSFT
2016-03-27,49,MSFT
2016-04-03,52,MSFT
2016-04-10,38,MSFT
2016-04-17,65,MSFT
2016-04-24,75,MSFT
2016-05-01,45,MSFT
2016-05-08,53,MSFT
2016-05-15,75,MSFT
2016-05-22,34,MSFT
2016-05-29,36,MSFT
2016-06-05,44,MSFT
2016-06-12,80,MSFT
2016-06-19,48,MSFT
2016-06-26,63,MSFT
2016-07-03,41,MSFT
2016-07-10,51,MSFT
2016-07-17,61,MSFT
2016-07-24,50,MSFT
2016-07-31,71,MSFT
2016-08-07,51,MSFT
2016-08-14,36,MSFT
2016-08-21,53,MSFT
2016-08-28,55,MSFT
2016-09-04,55,MSFT
2016-09-11,61,MSFT
2016-09-18,75,MSFT
2016-09-25,58,MSFT
2016-10-02,45,MSFT
2016-10-09,47,MSFT
2016-10-16,57,MSFT
2016-10-23,60,MSFT
2016-10-30,66,MSFT
2016-11-06,56,MSFT
2016-11-13,67,MSFT
2016-11-20,60,MSFT
2016-11-27,83,MSFT
2016-12-04,49,MSFT
2016-12-11,61,MSFT
2016-12-18,58,MSFT
2016-12-25,44,MSFT
2017-01-01,60,MSFT
2017-01-08,69,MSFT
2017-01-15,53,MSFT
2017-01-22,55,MSFT
2017-01-29,74,MSFT
2017-02-05,49,MSFT
2017-02-12,56,MSFT
2017-02-19,51,MSFT
2017-02-26,57,MSFT
2017-03-05,39,MSFT
2017-03-12,70,MSFT
2017-03-19,64,MSFT
2017-03-26,49,MSFT
2017-04-02,72,MSFT
2017-04-09,48,MSFT
2017-04-16,51,MSFT
2017-04-23,62,MSFT
2017-04-30,61,MSFT
2017-05-07,62,MSFT
2017-05-14,48,MSFT
2017-05-21,46,MSFT
2017-05-28,44,MSFT
2017-06-04,53,MSFT
2017-06-11,62,MSFT
2017-06-18,61,MSFT
2017-06-25,42,MSFT
2017-07-02,47,MSFT
2017-07-09,51,MSFT
2017-07-16,70,MSFT
2017-07-23,44,MSFT
2017-07-30,69,MSFT
2017-08-06,48,MSFT
2017-08-13,55,MSFT
2017-08-20,43,MSFT
2017-08-27,53,MSFT
2017-09-03,58,MSFT
2017-09-10,45,MSFT
2017-09-17,78,MSFT
2017-09-24,30,MSFT
2017-10-01,51,MSFT
2017-10-08,47,MSFT
2017-10-15,39,MSFT
2017-10-22,46,MSFT
2017-10-29,62,MSFT
2017-11-05,42,MSFT
2017-11-12,68,MSFT
2017-11-19,57,MSFT
2017-11-26,68,MSFT
2017-12-03,67,MSFT
2017-12-10,74,MSFT
2017-12-17,42,MSFT
2017-12-24,45,MSFT
2017-12-31,46,MSFT
2018-01-07,75,MSFT
2018-01-14,50,MSFT
2018-01-21,40,MSFT
2018-01-28,55,MSFT
2018-02-04,55,MSFT
2018-02-11,41,MSFT
2018-02-18,53,MSFT
2018-02-25,43,MSFT
2018-03-04,40,MSFT
2018-03-11,58,MSFT
2018-03-18,35,MSFT
2018-03-25,48,MSFT
2018-04-01,50,MSFT
2018-04-08,53,MSFT
2018-04-15,46,MSFT
2018-04-22,64,MSFT
2018-04-29,41,MSFT
2018-05-06,54,MSFT
2018-05-13,52,MSFT
2018-05-20,41,MSFT
2018-05-27,39,MSFT
2018-06-03,35,MSFT
2018-06-10,47,MSFT
2018-06-17,46,MSFT
2018-06-24,68,MSFT
2018-07-01,31,MSFT
2018-07-08,35,MSFT
2018-07-15,55,MSFT
2018-07-22,56,MSFT
2018-07-29,61,MSFT
2018-08-05,57,MSFT
2018-08-12,42,MSFT
2018-08-19,50,MSFT
2018-08-26,49,MSFT
2018-09-02,53,MSFT
2018-09-09,40,MSFT
2018-09-16,52,MSFT
2018-09-23,45,MSFT
2018-09-30,48,MSFT
2018-10-07,55,MSFT
2018-10-14,63,MSFT
2018-10-21,49,MSFT
2018-10-28,77,MSFT
2018-11-04,46,MSFT
2018-11-11,55,MSFT
2018-11-18,60,MSFT
2018-11-25,27,MSFT
2018-12-02,46,MSFT
2018-12-09,71,MSFT
2018-12-16,41,MSFT
2018-12-23,41,MSFT
2018-12-30,55,MSFT
2019-01-06,49,MSFT
2019-01-13,39,MSFT
2019-01-20,46,MSFT
2019-01-27,60,MSFT
2019-02-03,37,MSFT
2019-02-10,38,MSFT
2019-02-17,53,MSFT
2019-02-24,44,MSFT
2019-03-03,59,MSFT
2019-03-10,48,MSFT
2019-03-17,41,MSFT
2019-03-24,39,MSFT
2019-03-31,50,MSFT
2019-04-07,47,MSFT
2019-04-14,43,MSFT
2019-04-21,48,MSFT
2019-04-28,40,MSFT
2019-05-05,32,MSFT
2019-05-12,40,MSFT
2019-05-19,41,MSFT
2019-05-26,37,MSFT
2019-06-02,39,MSFT
2019-06-09,39,MSFT
2019-06-16,37,MSFT
2019-06-23,48,MSFT
2019-06-30,39,MSFT
2019-07-07,34,MSFT
2019-07-14,38,MSFT
2019-07-21,48,MSFT
2019-07-28,52,MSFT
2019-08-04,39,MSFT
2019-08-11,40,MSFT
2019-08-18,45,MSFT
2019-08-25,59,MSFT
2019-09-01,60,MSFT
2019-09-08,31,MSFT
2019-09-15,51,MSFT
2019-09-22,57,MSFT
2019-09-29,72,MSFT
2019-10-06,40,MSFT
2019-10-13,42,MSFT
2019-10-20,45,MSFT
2019-10-27,48,MSFT
2019-11-03,43,MSFT
2019-11-10,43,MSFT
2019-11-17,51,MSFT
2019-11-24,36,MSFT
2019-12-01,64,MSFT
2019-12-08,55,MSFT
2019-12-15,52,MSFT
2019-12-22,44,MSFT
2019-12-29,40,MSFT
2020-01-05,73,MSFT
2020-01-12,36,MSFT
2020-01-19,47,MSFT
2020-01-26,56,MSFT
2020-02-02,60,MSFT
2020-02-09,68,MSFT
2020-02-16,57,MSFT
2020-02-23,61,MSFT
2020-03-01,52,MSFT
2020-03-08,53,MSFT
2020-03-15,70,MSFT
2020-03-22,63,MSFT
2020-03-29,49,MSFT
2020-04-05,59,MSFT
2020-04-12,78,MSFT
2020-04-19,69,MSFT
2020-04-26,77,MSFT
2020-05-03,73,MSFT
2020-05-10,71,MSFT
2020-05-17,66,MSFT
2020-05-24,63,MSFT
2020-05-31,60,MSFT
2020-06-07,54,MSFT
2020-06-14,57,MSFT
2020-06-21,70,MSFT
2020-06-28,67,MSFT
2020-07-05,56,MSFT
2020-07-12,41,MSFT
2020-07-19,60,MSFT
2020-07-26,59,MSFT
2020-08-02,100,MSFT
2020-08-09,82,MSFT
2020-08-16,63,MSFT
2020-08-23,73,MSFT
2020-08-30,90,MSFT
2020-09-06,54,MSFT
2020-09-13,94,MSFT
2015-09-27,53,AMZN
2015-10-04,53,AMZN
2015-10-11,56,AMZN
2015-10-18,54,AMZN
2015-10-25,53,AMZN
2015-11-01,51,AMZN
2015-11-08,55,AMZN
2015-11-15,54,AMZN
2015-11-22,57,AMZN
2015-11-29,60,AMZN
2015-12-06,69,AMZN
2015-12-13,75,AMZN
2015-12-20,70,AMZN
2015-12-27,73,AMZN
2016-01-03,60,AMZN
2016-01-10,66,AMZN
2016-01-17,62,AMZN
2016-01-24,56,AMZN
2016-01-31,56,AMZN
2016-02-07,48,AMZN
2016-02-14,52,AMZN
2016-02-21,51,AMZN
2016-02-28,51,AMZN
2016-03-06,49,AMZN
2016-03-13,51,AMZN
2016-03-20,49,AMZN
2016-03-27,50,AMZN
2016-04-03,48,AMZN
2016-04-10,52,AMZN
2016-04-17,49,AMZN
2016-04-24,56,AMZN
2016-05-01,54,AMZN
2016-05-08,55,AMZN
2016-05-15,59,AMZN
2016-05-22,60,AMZN
2016-05-29,54,AMZN
2016-06-05,54,AMZN
2016-06-12,52,AMZN
2016-06-19,55,AMZN
2016-06-26,54,AMZN
2016-07-03,57,AMZN
2016-07-10,58,AMZN
2016-07-17,58,AMZN
2016-07-24,50,AMZN
2016-07-31,53,AMZN
2016-08-07,58,AMZN
2016-08-14,54,AMZN
2016-08-21,62,AMZN
2016-08-28,60,AMZN
2016-09-04,61,AMZN
2016-09-11,60,AMZN
2016-09-18,54,AMZN
2016-09-25,50,AMZN
2016-10-02,52,AMZN
2016-10-09,55,AMZN
2016-10-16,50,AMZN
2016-10-23,57,AMZN
2016-10-30,53,AMZN
2016-11-06,54,AMZN
2016-11-13,61,AMZN
2016-11-20,56,AMZN
2016-11-27,67,AMZN
2016-12-04,67,AMZN
2016-12-11,69,AMZN
2016-12-18,73,AMZN
2016-12-25,74,AMZN
2017-01-01,77,AMZN
2017-01-08,69,AMZN
2017-01-15,71,AMZN
2017-01-22,69,AMZN
2017-01-29,64,AMZN
2017-02-05,57,AMZN
2017-02-12,59,AMZN
2017-02-19,59,AMZN
2017-02-26,63,AMZN
2017-03-05,61,AMZN
2017-03-12,56,AMZN
2017-03-19,60,AMZN
2017-03-26,56,AMZN
2017-04-02,60,AMZN
2017-04-09,60,AMZN
2017-04-16,57,AMZN
2017-04-23,67,AMZN
2017-04-30,69,AMZN
2017-05-07,75,AMZN
2017-05-14,67,AMZN
2017-05-21,66,AMZN
2017-05-28,67,AMZN
2017-06-04,69,AMZN
2017-06-11,66,AMZN
2017-06-18,73,AMZN
2017-06-25,70,AMZN
2017-07-02,70,AMZN
2017-07-09,78,AMZN
2017-07-16,75,AMZN
2017-07-23,73,AMZN
2017-07-30,79,AMZN
2017-08-06,74,AMZN
2017-08-13,72,AMZN
2017-08-20,73,AMZN
2017-08-27,68,AMZN
2017-09-03,70,AMZN
2017-09-10,65,AMZN
2017-09-17,68,AMZN
2017-09-24,67,AMZN
2017-10-01,65,AMZN
2017-10-08,64,AMZN
2017-10-15,68,AMZN
2017-10-22,71,AMZN
2017-10-29,73,AMZN
2017-11-05,87,AMZN
2017-11-12,84,AMZN
2017-11-19,80,AMZN
2017-11-26,86,AMZN
2017-12-03,86,AMZN
2017-12-10,84,AMZN
2017-12-17,82,AMZN
2017-12-24,84,AMZN
2017-12-31,88,AMZN
2018-01-07,83,AMZN
2018-01-14,80,AMZN
2018-01-21,79,AMZN
2018-01-28,77,AMZN
2018-02-04,73,AMZN
2018-02-11,67,AMZN
2018-02-18,67,AMZN
2018-02-25,66,AMZN
2018-03-04,65,AMZN
2018-03-11,65,AMZN
2018-03-18,68,AMZN
2018-03-25,66,AMZN
2018-04-01,70,AMZN
2018-04-08,56,AMZN
2018-04-15,63,AMZN
2018-04-22,65,AMZN
2018-04-29,65,AMZN
2018-05-06,68,AMZN
2018-05-13,64,AMZN
2018-05-20,62,AMZN
2018-05-27,63,AMZN
2018-06-03,65,AMZN
2018-06-10,66,AMZN
2018-06-17,58,AMZN
2018-06-24,63,AMZN
2018-07-01,60,AMZN
2018-07-08,70,AMZN
2018-07-15,77,AMZN
2018-07-22,68,AMZN
2018-07-29,73,AMZN
2018-08-05,72,AMZN
2018-08-12,68,AMZN
2018-08-19,70,AMZN
2018-08-26,73,AMZN
2018-09-02,68,AMZN
2018-09-09,67,AMZN
2018-09-16,67,AMZN
2018-09-23,62,AMZN
2018-09-30,67,AMZN
2018-10-07,70,AMZN
2018-10-14,67,AMZN
2018-10-21,65,AMZN
2018-10-28,59,AMZN
2018-11-04,60,AMZN
2018-11-11,63,AMZN
2018-11-18,63,AMZN
2018-11-25,68,AMZN
2018-12-02,69,AMZN
2018-12-09,75,AMZN
2018-12-16,80,AMZN
2018-12-23,74,AMZN
2018-12-30,74,AMZN
2019-01-06,73,AMZN
2019-01-13,71,AMZN
2019-01-20,71,AMZN
2019-01-27,70,AMZN
2019-02-03,67,AMZN
2019-02-10,62,AMZN
2019-02-17,67,AMZN
2019-02-24,59,AMZN
2019-03-03,63,AMZN
2019-03-10,60,AMZN
2019-03-17,60,AMZN
2019-03-24,59,AMZN
2019-03-31,56,AMZN
2019-04-07,58,AMZN
2019-04-14,60,AMZN
2019-04-21,61,AMZN
2019-04-28,67,AMZN
2019-05-05,65,AMZN
2019-05-12,66,AMZN
2019-05-19,64,AMZN
2019-05-26,63,AMZN
2019-06-02,67,AMZN
2019-06-09,68,AMZN
2019-06-16,66,AMZN
2019-06-23,67,AMZN
2019-06-30,65,AMZN
2019-07-07,67,AMZN
2019-07-14,75,AMZN
2019-07-21,72,AMZN
2019-07-28,66,AMZN
2019-08-04,67,AMZN
2019-08-11,65,AMZN
2019-08-18,68,AMZN
2019-08-25,73,AMZN
2019-09-01,62,AMZN
2019-09-08,67,AMZN
2019-09-15,70,AMZN
2019-09-22,65,AMZN
2019-09-29,71,AMZN
2019-10-06,70,AMZN
2019-10-13,67,AMZN
2019-10-20,67,AMZN
2019-10-27,57,AMZN
2019-11-03,71,AMZN
2019-11-10,64,AMZN
2019-11-17,73,AMZN
2019-11-24,63,AMZN
2019-12-01,71,AMZN
2019-12-08,72,AMZN
2019-12-15,83,AMZN
2019-12-22,79,AMZN
2019-12-29,82,AMZN
2020-01-05,80,AMZN
2020-01-12,75,AMZN
2020-01-19,81,AMZN
2020-01-26,70,AMZN
2020-02-02,69,AMZN
2020-02-09,70,AMZN
2020-02-16,73,AMZN
2020-02-23,66,AMZN
2020-03-01,72,AMZN
2020-03-08,63,AMZN
2020-03-15,62,AMZN
2020-03-22,59,AMZN
2020-03-29,59,AMZN
2020-04-05,63,AMZN
2020-04-12,70,AMZN
2020-04-19,71,AMZN
2020-04-26,77,AMZN
2020-05-03,78,AMZN
2020-05-10,82,AMZN
2020-05-17,83,AMZN
2020-05-24,84,AMZN
2020-05-31,79,AMZN
2020-06-07,81,AMZN
2020-06-14,84,AMZN
2020-06-21,80,AMZN
2020-06-28,90,AMZN
2020-07-05,88,AMZN
2020-07-12,84,AMZN
2020-07-19,89,AMZN
2020-07-26,91,AMZN
2020-08-02,91,AMZN
2020-08-09,91,AMZN
2020-08-16,100,AMZN
2020-08-23,83,AMZN
2020-08-30,85,AMZN
2020-09-06,79,AMZN
2020-09-13,81,AMZN
2015-09-27,73,FB
2015-10-04,63,FB
2015-10-11,73,FB
2015-10-18,63,FB
2015-10-25,66,FB
2015-11-01,65,FB
2015-11-08,57,FB
2015-11-15,65,FB
2015-11-22,64,FB
2015-11-29,65,FB
2015-12-06,63,FB
2015-12-13,66,FB
2015-12-20,59,FB
2015-12-27,74,FB
2016-01-03,71,FB
2016-01-10,64,FB
2016-01-17,68,FB
2016-01-24,68,FB
2016-01-31,72,FB
2016-02-07,68,FB
2016-02-14,64,FB
2016-02-21,66,FB
2016-02-28,67,FB
2016-03-06,63,FB
2016-03-13,57,FB
2016-03-20,54,FB
2016-03-27,65,FB
2016-04-03,63,FB
2016-04-10,71,FB
2016-04-17,59,FB
2016-04-24,61,FB
2016-05-01,69,FB
2016-05-08,65,FB
2016-05-15,65,FB
2016-05-22,62,FB
2016-05-29,72,FB
2016-06-05,61,FB
2016-06-12,66,FB
2016-06-19,64,FB
2016-06-26,66,FB
2016-07-03,67,FB
2016-07-10,66,FB
2016-07-17,68,FB
2016-07-24,67,FB
2016-07-31,63,FB
2016-08-07,60,FB
2016-08-14,59,FB
2016-08-21,61,FB
2016-08-28,66,FB
2016-09-04,70,FB
2016-09-11,58,FB
2016-09-18,63,FB
2016-09-25,62,FB
2016-10-02,70,FB
2016-10-09,66,FB
2016-10-16,65,FB
2016-10-23,59,FB
2016-10-30,68,FB
2016-11-06,65,FB
2016-11-13,68,FB
2016-11-20,63,FB
2016-11-27,66,FB
2016-12-04,61,FB
2016-12-11,66,FB
2016-12-18,58,FB
2016-12-25,59,FB
2017-01-01,66,FB
2017-01-08,73,FB
2017-01-15,73,FB
2017-01-22,69,FB
2017-01-29,68,FB
2017-02-05,69,FB
2017-02-12,61,FB
2017-02-19,69,FB
2017-02-26,77,FB
2017-03-05,63,FB
2017-03-12,68,FB
2017-03-19,65,FB
2017-03-26,66,FB
2017-04-02,74,FB
2017-04-09,73,FB
2017-04-16,74,FB
2017-04-23,76,FB
2017-04-30,74,FB
2017-05-07,70,FB
2017-05-14,67,FB
2017-05-21,70,FB
2017-05-28,71,FB
2017-06-04,76,FB
2017-06-11,73,FB
2017-06-18,65,FB
2017-06-25,83,FB
2017-07-02,70,FB
2017-07-09,73,FB
2017-07-16,80,FB
2017-07-23,81,FB
2017-07-30,80,FB
2017-08-06,73,FB
2017-08-13,80,FB
2017-08-20,71,FB
2017-08-27,76,FB
2017-09-03,67,FB
2017-09-10,67,FB
2017-09-17,72,FB
2017-09-24,70,FB
2017-10-01,71,FB
2017-10-08,71,FB
2017-10-15,70,FB
2017-10-22,72,FB
2017-10-29,70,FB
2017-11-05,62,FB
2017-11-12,72,FB
2017-11-19,65,FB
2017-11-26,68,FB
2017-12-03,72,FB
2017-12-10,68,FB
2017-12-17,72,FB
2017-12-24,68,FB
2017-12-31,71,FB
2018-01-07,73,FB
2018-01-14,69,FB
2018-01-21,77,FB
2018-01-28,73,FB
2018-02-04,78,FB
2018-02-11,73,FB
2018-02-18,69,FB
2018-02-25,74,FB
2018-03-04,64,FB
2018-03-11,66,FB
2018-03-18,85,FB
2018-03-25,77,FB
2018-04-01,80,FB
2018-04-08,95,FB
2018-04-15,73,FB
2018-04-22,76,FB
2018-04-29,74,FB
2018-05-06,70,FB
2018-05-13,67,FB
2018-05-20,66,FB
2018-05-27,71,FB
2018-06-03,67,FB
2018-06-10,78,FB
2018-06-17,71,FB
2018-06-24,64,FB
2018-07-01,71,FB
2018-07-08,71,FB
2018-07-15,73,FB
2018-07-22,89,FB
2018-07-29,80,FB
2018-08-05,72,FB
2018-08-12,74,FB
2018-08-19,70,FB
2018-08-26,72,FB
2018-09-02,66,FB
2018-09-09,65,FB
2018-09-16,72,FB
2018-09-23,73,FB
2018-09-30,69,FB
2018-10-07,72,FB
2018-10-14,72,FB
2018-10-21,65,FB
2018-10-28,71,FB
2018-11-04,69,FB
2018-11-11,67,FB
2018-11-18,75,FB
2018-11-25,74,FB
2018-12-02,67,FB
2018-12-09,64,FB
2018-12-16,68,FB
2018-12-23,68,FB
2018-12-30,74,FB
2019-01-06,75,FB
2019-01-13,69,FB
2019-01-20,68,FB
2019-01-27,74,FB
2019-02-03,72,FB
2019-02-10,64,FB
2019-02-17,68,FB
2019-02-24,68,FB
2019-03-03,65,FB
2019-03-10,68,FB
2019-03-17,62,FB
2019-03-24,67,FB
2019-03-31,62,FB
2019-04-07,71,FB
2019-04-14,68,FB
2019-04-21,73,FB
2019-04-28,74,FB
2019-05-05,73,FB
2019-05-12,67,FB
2019-05-19,75,FB
2019-05-26,74,FB
2019-06-02,76,FB
2019-06-09,78,FB
2019-06-16,78,FB
2019-06-23,78,FB
2019-06-30,76,FB
2019-07-07,72,FB
2019-07-14,79,FB
2019-07-21,77,FB
2019-07-28,67,FB
2019-08-04,77,FB
2019-08-11,85,FB
2019-08-18,73,FB
2019-08-25,70,FB
2019-09-01,76,FB
2019-09-08,79,FB
2019-09-15,79,FB
2019-09-22,72,FB
2019-09-29,68,FB
2019-10-06,76,FB
2019-10-13,76,FB
2019-10-20,68,FB
2019-10-27,69,FB
2019-11-03,73,FB
2019-11-10,73,FB
2019-11-17,73,FB
2019-11-24,68,FB
2019-12-01,70,FB
2019-12-08,72,FB
2019-12-15,67,FB
2019-12-22,65,FB
2019-12-29,72,FB
2020-01-05,74,FB
2020-01-12,70,FB
2020-01-19,74,FB
2020-01-26,70,FB
2020-02-02,76,FB
2020-02-09,73,FB
2020-02-16,72,FB
2020-02-23,80,FB
2020-03-01,73,FB
2020-03-08,71,FB
2020-03-15,64,FB
2020-03-22,66,FB
2020-03-29,61,FB
2020-04-05,65,FB
2020-04-12,66,FB
2020-04-19,79,FB
2020-04-26,79,FB
2020-05-03,81,FB
2020-05-10,81,FB
2020-05-17,96,FB
2020-05-24,88,FB
2020-05-31,94,FB
2020-06-07,95,FB
2020-06-14,92,FB
2020-06-21,100,FB
2020-06-28,99,FB
2020-07-05,96,FB
2020-07-12,89,FB
2020-07-19,92,FB
2020-07-26,99,FB
2020-08-02,99,FB
2020-08-09,91,FB
2020-08-16,98,FB
2020-08-23,95,FB
2020-08-30,81,FB
2020-09-06,92,FB
2020-09-13,86,FB
2015-09-27,58,GOOG
2015-10-04,65,GOOG
2015-10-11,64,GOOG
2015-10-18,62,GOOG
2015-10-25,64,GOOG
2015-11-01,63,GOOG
2015-11-08,63,GOOG
2015-11-15,63,GOOG
2015-11-22,64,GOOG
2015-11-29,68,GOOG
2015-12-06,65,GOOG
2015-12-13,69,GOOG
2015-12-20,63,GOOG
2015-12-27,67,GOOG
2016-01-03,59,GOOG
2016-01-10,57,GOOG
2016-01-17,56,GOOG
2016-01-24,60,GOOG
2016-01-31,63,GOOG
2016-02-07,57,GOOG
2016-02-14,56,GOOG
2016-02-21,54,GOOG
2016-02-28,59,GOOG
2016-03-06,52,GOOG
2016-03-13,57,GOOG
2016-03-20,63,GOOG
2016-03-27,52,GOOG
2016-04-03,58,GOOG
2016-04-10,53,GOOG
2016-04-17,55,GOOG
2016-04-24,51,GOOG
2016-05-01,49,GOOG
2016-05-08,55,GOOG
2016-05-15,55,GOOG
2016-05-22,52,GOOG
2016-05-29,50,GOOG
2016-06-05,55,GOOG
2016-06-12,50,GOOG
2016-06-19,47,GOOG
2016-06-26,49,GOOG
2016-07-03,43,GOOG
2016-07-10,45,GOOG
2016-07-17,51,GOOG
2016-07-24,49,GOOG
2016-07-31,43,GOOG
2016-08-07,48,GOOG
2016-08-14,43,GOOG
2016-08-21,50,GOOG
2016-08-28,48,GOOG
2016-09-04,53,GOOG
2016-09-11,48,GOOG
2016-09-18,53,GOOG
2016-09-25,56,GOOG
2016-10-02,53,GOOG
2016-10-09,46,GOOG
2016-10-16,50,GOOG
2016-10-23,56,GOOG
2016-10-30,48,GOOG
2016-11-06,48,GOOG
2016-11-13,52,GOOG
2016-11-20,47,GOOG
2016-11-27,51,GOOG
2016-12-04,51,GOOG
2016-12-11,57,GOOG
2016-12-18,51,GOOG
2016-12-25,47,GOOG
2017-01-01,47,GOOG
2017-01-08,56,GOOG
2017-01-15,53,GOOG
2017-01-22,51,GOOG
2017-01-29,50,GOOG
2017-02-05,54,GOOG
2017-02-12,53,GOOG
2017-02-19,53,GOOG
2017-02-26,58,GOOG
2017-03-05,51,GOOG
2017-03-12,47,GOOG
2017-03-19,54,GOOG
2017-03-26,58,GOOG
2017-04-02,56,GOOG
2017-04-09,54,GOOG
2017-04-16,51,GOOG
2017-04-23,53,GOOG
2017-04-30,56,GOOG
2017-05-07,53,GOOG
2017-05-14,52,GOOG
2017-05-21,50,GOOG
2017-05-28,48,GOOG
2017-06-04,48,GOOG
2017-06-11,41,GOOG
2017-06-18,49,GOOG
2017-06-25,46,GOOG
2017-07-02,41,GOOG
2017-07-09,45,GOOG
2017-07-16,41,GOOG
2017-07-23,51,GOOG
2017-07-30,49,GOOG
2017-08-06,42,GOOG
2017-08-13,51,GOOG
2017-08-20,54,GOOG
2017-08-27,45,GOOG
2017-09-03,46,GOOG
2017-09-10,49,GOOG
2017-09-17,51,GOOG
2017-09-24,49,GOOG
2017-10-01,53,GOOG
2017-10-08,53,GOOG
2017-10-15,47,GOOG
2017-10-22,54,GOOG
2017-10-29,56,GOOG
2017-11-05,55,GOOG
2017-11-12,59,GOOG
2017-11-19,52,GOOG
2017-11-26,60,GOOG
2017-12-03,62,GOOG
2017-12-10,54,GOOG
2017-12-17,53,GOOG
2017-12-24,50,GOOG
2017-12-31,52,GOOG
2018-01-07,52,GOOG
2018-01-14,50,GOOG
2018-01-21,55,GOOG
2018-01-28,54,GOOG
2018-02-04,49,GOOG
2018-02-11,49,GOOG
2018-02-18,54,GOOG
2018-02-25,48,GOOG
2018-03-04,45,GOOG
2018-03-11,50,GOOG
2018-03-18,51,GOOG
2018-03-25,52,GOOG
2018-04-01,49,GOOG
2018-04-08,51,GOOG
2018-04-15,48,GOOG
2018-04-22,44,GOOG
2018-04-29,47,GOOG
2018-05-06,50,GOOG
2018-05-13,43,GOOG
2018-05-20,43,GOOG
2018-05-27,39,GOOG
2018-06-03,43,GOOG
2018-06-10,41,GOOG
2018-06-17,41,GOOG
2018-06-24,42,GOOG
2018-07-01,40,GOOG
2018-07-08,39,GOOG
2018-07-15,40,GOOG
2018-07-22,43,GOOG
2018-07-29,41,GOOG
2018-08-05,42,GOOG
2018-08-12,42,GOOG
2018-08-19,41,GOOG
2018-08-26,41,GOOG
2018-09-02,42,GOOG
2018-09-09,44,GOOG
2018-09-16,46,GOOG
2018-09-23,44,GOOG
2018-09-30,44,GOOG
2018-10-07,45,GOOG
2018-10-14,43,GOOG
2018-10-21,50,GOOG
2018-10-28,50,GOOG
2018-11-04,46,GOOG
2018-11-11,49,GOOG
2018-11-18,43,GOOG
2018-11-25,45,GOOG
2018-12-02,47,GOOG
2018-12-09,50,GOOG
2018-12-16,39,GOOG
2018-12-23,39,GOOG
2018-12-30,37,GOOG
2019-01-06,41,GOOG
2019-01-13,41,GOOG
2019-01-20,40,GOOG
2019-01-27,45,GOOG
2019-02-03,48,GOOG
2019-02-10,40,GOOG
2019-02-17,47,GOOG
2019-02-24,43,GOOG
2019-03-03,38,GOOG
2019-03-10,44,GOOG
2019-03-17,42,GOOG
2019-03-24,41,GOOG
2019-03-31,46,GOOG
2019-04-07,46,GOOG
2019-04-14,41,GOOG
2019-04-21,42,GOOG
2019-04-28,47,GOOG
2019-05-05,43,GOOG
2019-05-12,44,GOOG
2019-05-19,48,GOOG
2019-05-26,44,GOOG
2019-06-02,43,GOOG
2019-06-09,40,GOOG
2019-06-16,41,GOOG
2019-06-23,42,GOOG
2019-06-30,43,GOOG
2019-07-07,45,GOOG
2019-07-14,41,GOOG
2019-07-21,36,GOOG
2019-07-28,39,GOOG
2019-08-04,40,GOOG
2019-08-11,46,GOOG
2019-08-18,40,GOOG
2019-08-25,43,GOOG
2019-09-01,46,GOOG
2019-09-08,48,GOOG
2019-09-15,50,GOOG
2019-09-22,52,GOOG
2019-09-29,52,GOOG
2019-10-06,47,GOOG
2019-10-13,47,GOOG
2019-10-20,48,GOOG
2019-10-27,40,GOOG
2019-11-03,49,GOOG
2019-11-10,44,GOOG
2019-11-17,46,GOOG
2019-11-24,43,GOOG
2019-12-01,51,GOOG
2019-12-08,44,GOOG
2019-12-15,46,GOOG
2019-12-22,37,GOOG
2019-12-29,43,GOOG
2020-01-05,43,GOOG
2020-01-12,49,GOOG
2020-01-19,44,GOOG
2020-01-26,47,GOOG
2020-02-02,49,GOOG
2020-02-09,52,GOOG
2020-02-16,45,GOOG
2020-02-23,49,GOOG
2020-03-01,52,GOOG
2020-03-08,48,GOOG
2020-03-15,46,GOOG
2020-03-22,41,GOOG
2020-03-29,41,GOOG
2020-04-05,45,GOOG
2020-04-12,49,GOOG
2020-04-19,52,GOOG
2020-04-26,93,GOOG
2020-05-03,100,GOOG
2020-05-10,53,GOOG
2020-05-17,53,GOOG
2020-05-24,43,GOOG
2020-05-31,45,GOOG
2020-06-07,44,GOOG
2020-06-14,49,GOOG
2020-06-21,44,GOOG
2020-06-28,48,GOOG
2020-07-05,45,GOOG
2020-07-12,47,GOOG
2020-07-19,46,GOOG
2020-07-26,52,GOOG
2020-08-02,52,GOOG
2020-08-09,49,GOOG
2020-08-16,47,GOOG
2020-08-23,44,GOOG
2020-08-30,46,GOOG
2020-09-06,51,GOOG
2020-09-13,50,GOOG
2015-09-27,23,GE
2015-10-04,31,GE
2015-10-11,48,GE
2015-10-18,14,GE
2015-10-25,29,GE
2015-11-01,31,GE
2015-11-08,41,GE
2015-11-15,29,GE
2015-11-22,27,GE
2015-11-29,16,GE
2015-12-06,37,GE
2015-12-13,19,GE
2015-12-20,16,GE
2015-12-27,16,GE
2016-01-03,22,GE
2016-01-10,36,GE
2016-01-17,34,GE
2016-01-24,21,GE
2016-01-31,43,GE
2016-02-07,34,GE
2016-02-14,17,GE
2016-02-21,23,GE
2016-02-28,37,GE
2016-03-06,17,GE
2016-03-13,21,GE
2016-03-20,17,GE
2016-03-27,11,GE
2016-04-03,19,GE
2016-04-10,19,GE
2016-04-17,15,GE
2016-04-24,19,GE
2016-05-01,15,GE
2016-05-08,23,GE
2016-05-15,21,GE
2016-05-22,32,GE
2016-05-29,24,GE
2016-06-05,24,GE
2016-06-12,17,GE
2016-06-19,26,GE
2016-06-26,20,GE
2016-07-03,14,GE
2016-07-10,23,GE
2016-07-17,32,GE
2016-07-24,25,GE
2016-07-31,9,GE
2016-08-07,17,GE
2016-08-14,10,GE
2016-08-21,17,GE
2016-08-28,16,GE
2016-09-04,16,GE
2016-09-11,18,GE
2016-09-18,17,GE
2016-09-25,35,GE
2016-10-02,15,GE
2016-10-09,26,GE
2016-10-16,15,GE
2016-10-23,15,GE
2016-10-30,48,GE
2016-11-06,30,GE
2016-11-13,28,GE
2016-11-20,19,GE
2016-11-27,23,GE
2016-12-04,24,GE
2016-12-11,41,GE
2016-12-18,18,GE
2016-12-25,11,GE
2017-01-01,25,GE
2017-01-08,20,GE
2017-01-15,28,GE
2017-01-22,30,GE
2017-01-29,22,GE
2017-02-05,28,GE
2017-02-12,18,GE
2017-02-19,32,GE
2017-02-26,19,GE
2017-03-05,25,GE
2017-03-12,33,GE
2017-03-19,21,GE
2017-03-26,24,GE
2017-04-02,26,GE
2017-04-09,22,GE
2017-04-16,30,GE
2017-04-23,25,GE
2017-04-30,30,GE
2017-05-07,20,GE
2017-05-14,27,GE
2017-05-21,23,GE
2017-05-28,19,GE
2017-06-04,23,GE
2017-06-11,38,GE
2017-06-18,21,GE
2017-06-25,17,GE
2017-07-02,15,GE
2017-07-09,21,GE
2017-07-16,26,GE
2017-07-23,19,GE
2017-07-30,21,GE
2017-08-06,18,GE
2017-08-13,41,GE
2017-08-20,9,GE
2017-08-27,18,GE
2017-09-03,33,GE
2017-09-10,24,GE
2017-09-17,18,GE
2017-09-24,42,GE
2017-10-01,26,GE
2017-10-08,30,GE
2017-10-15,30,GE
2017-10-22,77,GE
2017-10-29,63,GE
2017-11-05,44,GE
2017-11-12,100,GE
2017-11-19,50,GE
2017-11-26,40,GE
2017-12-03,27,GE
2017-12-10,19,GE
2017-12-17,26,GE
2017-12-24,39,GE
2017-12-31,26,GE
2018-01-07,25,GE
2018-01-14,71,GE
2018-01-21,48,GE
2018-01-28,49,GE
2018-02-04,38,GE
2018-02-11,30,GE
2018-02-18,37,GE
2018-02-25,40,GE
2018-03-04,18,GE
2018-03-11,31,GE
2018-03-18,39,GE
2018-03-25,31,GE
2018-04-01,49,GE
2018-04-08,41,GE
2018-04-15,45,GE
2018-04-22,24,GE
2018-04-29,27,GE
2018-05-06,30,GE
2018-05-13,26,GE
2018-05-20,29,GE
2018-05-27,29,GE
2018-06-03,26,GE
2018-06-10,33,GE
2018-06-17,64,GE
2018-06-24,82,GE
2018-07-01,23,GE
2018-07-08,32,GE
2018-07-15,48,GE
2018-07-22,34,GE
2018-07-29,37,GE
2018-08-05,37,GE
2018-08-12,51,GE
2018-08-19,32,GE
2018-08-26,22,GE
2018-09-02,33,GE
2018-09-09,40,GE
2018-09-16,24,GE
2018-09-23,29,GE
2018-09-30,29,GE
2018-10-07,33,GE
2018-10-14,26,GE
2018-10-21,33,GE
2018-10-28,52,GE
2018-11-04,56,GE
2018-11-11,65,GE
2018-11-18,52,GE
2018-11-25,56,GE
2018-12-02,44,GE
2018-12-09,50,GE
2018-12-16,32,GE
2018-12-23,39,GE
2018-12-30,34,GE
2019-01-06,37,GE
2019-01-13,32,GE
2019-01-20,29,GE
2019-01-27,32,GE
2019-02-03,14,GE
2019-02-10,25,GE
2019-02-17,25,GE
2019-02-24,44,GE
2019-03-03,42,GE
2019-03-10,25,GE
2019-03-17,25,GE
2019-03-24,16,GE
2019-03-31,20,GE
2019-04-07,22,GE
2019-04-14,21,GE
2019-04-21,24,GE
2019-04-28,33,GE
2019-05-05,33,GE
2019-05-12,16,GE
2019-05-19,24,GE
2019-05-26,14,GE
2019-06-02,29,GE
2019-06-09,23,GE
2019-06-16,23,GE
2019-06-23,22,GE
2019-06-30,22,GE
2019-07-07,14,GE
2019-07-14,35,GE
2019-07-21,19,GE
2019-07-28,21,GE
2019-08-04,19,GE
2019-08-11,44,GE
2019-08-18,31,GE
2019-08-25,27,GE
2019-09-01,14,GE
2019-09-08,43,GE
2019-09-15,26,GE
2019-09-22,18,GE
2019-09-29,27,GE
2019-10-06,21,GE
2019-10-13,27,GE
2019-10-20,22,GE
2019-10-27,17,GE
2019-11-03,25,GE
2019-11-10,15,GE
2019-11-17,20,GE
2019-11-24,18,GE
2019-12-01,17,GE
2019-12-08,19,GE
2019-12-15,29,GE
2019-12-22,19,GE
2019-12-29,27,GE
2020-01-05,21,GE
2020-01-12,19,GE
2020-01-19,28,GE
2020-01-26,15,GE
2020-02-02,30,GE
2020-02-09,31,GE
2020-02-16,22,GE
2020-02-23,20,GE
2020-03-01,11,GE
2020-03-08,23,GE
2020-03-15,33,GE
2020-03-22,23,GE
2020-03-29,19,GE
2020-04-05,16,GE
2020-04-12,20,GE
2020-04-19,42,GE
2020-04-26,33,GE
2020-05-03,25,GE
2020-05-10,32,GE
2020-05-17,34,GE
2020-05-24,36,GE
2020-05-31,33,GE
2020-06-07,40,GE
2020-06-14,20,GE
2020-06-21,28,GE
2020-06-28,28,GE
2020-07-05,27,GE
2020-07-12,21,GE
2020-07-19,24,GE
2020-07-26,21,GE
2020-08-02,29,GE
2020-08-09,28,GE
2020-08-16,31,GE
2020-08-23,23,GE
2020-08-30,27,GE
2020-09-06,18,GE
2020-09-13,30,GE
2015-09-27,0,JNJ
2015-10-04,47,JNJ
2015-10-11,0,JNJ
2015-10-18,0,JNJ
2015-10-25,47,JNJ
2015-11-01,0,JNJ
2015-11-08,0,JNJ
2015-11-15,0,JNJ
2015-11-22,0,JNJ
2015-11-29,46,JNJ
2015-12-06,0,JNJ
2015-12-13,0,JNJ
2015-12-20,0,JNJ
2015-12-27,0,JNJ
2016-01-03,0,JNJ
2016-01-10,49,JNJ
2016-01-17,50,JNJ
2016-01-24,0,JNJ
2016-01-31,49,JNJ
2016-02-07,0,JNJ
2016-02-14,0,JNJ
2016-02-21,0,JNJ
2016-02-28,48,JNJ
2016-03-06,0,JNJ
2016-03-13,0,JNJ
2016-03-20,50,JNJ
2016-03-27,0,JNJ
2016-04-03,48,JNJ
2016-04-10,49,JNJ
2016-04-17,0,JNJ
2016-04-24,0,JNJ
2016-05-01,0,JNJ
2016-05-08,49,JNJ
2016-05-15,49,JNJ
2016-05-22,50,JNJ
2016-05-29,0,JNJ
2016-06-05,0,JNJ
2016-06-12,0,JNJ
2016-06-19,0,JNJ
2016-06-26,0,JNJ
2016-07-03,0,JNJ
2016-07-10,0,JNJ
2016-07-17,52,JNJ
2016-07-24,52,JNJ
2016-07-31,0,JNJ
2016-08-07,0,JNJ
2016-08-14,0,JNJ
2016-08-21,0,JNJ
2016-08-28,0,JNJ
2016-09-04,0,JNJ
2016-09-11,0,JNJ
2016-09-18,100,JNJ
2016-09-25,0,JNJ
2016-10-02,0,JNJ
2016-10-09,50,JNJ
2016-10-16,0,JNJ
2016-10-23,0,JNJ
2016-10-30,50,JNJ
2016-11-06,49,JNJ
2016-11-13,0,JNJ
2016-11-20,0,JNJ
2016-11-27,47,JNJ
2016-12-04,91,JNJ
2016-12-11,0,JNJ
2016-12-18,0,JNJ
2016-12-25,0,JNJ
2017-01-01,0,JNJ
2017-01-08,0,JNJ
2017-01-15,0,JNJ
2017-01-22,46,JNJ
2017-01-29,45,JNJ
2017-02-05,45,JNJ
2017-02-12,0,JNJ
2017-02-19,45,JNJ
2017-02-26,0,JNJ
2017-03-05,44,JNJ
2017-03-12,44,JNJ
2017-03-19,89,JNJ
2017-03-26,45,JNJ
2017-04-02,45,JNJ
2017-04-09,93,JNJ
2017-04-16,45,JNJ
2017-04-23,0,JNJ
2017-04-30,45,JNJ
2017-05-07,0,JNJ
2017-05-14,48,JNJ
2017-05-21,49,JNJ
2017-05-28,0,JNJ
2017-06-04,71,JNJ
2017-06-11,48,JNJ
2017-06-18,95,JNJ
2017-06-25,0,JNJ
2017-07-02,50,JNJ
2017-07-09,0,JNJ
2017-07-16,0,JNJ
2017-07-23,0,JNJ
2017-07-30,0,JNJ
2017-08-06,47,JNJ
2017-08-13,47,JNJ
2017-08-20,0,JNJ
2017-08-27,47,JNJ
2017-09-03,0,JNJ
2017-09-10,46,JNJ
2017-09-17,0,JNJ
2017-09-24,46,JNJ
2017-10-01,0,JNJ
2017-10-08,0,JNJ
2017-10-15,45,JNJ
2017-10-22,45,JNJ
2017-10-29,45,JNJ
2017-11-05,0,JNJ
2017-11-12,0,JNJ
2017-11-19,44,JNJ
2017-11-26,0,JNJ
2017-12-03,44,JNJ
2017-12-10,44,JNJ
2017-12-17,46,JNJ
2017-12-24,0,JNJ
2017-12-31,0,JNJ
2018-01-07,43,JNJ
2018-01-14,0,JNJ
2018-01-21,0,JNJ
2018-01-28,0,JNJ
2018-02-04,0,JNJ
2018-02-11,43,JNJ
2018-02-18,43,JNJ
2018-02-25,0,JNJ
2018-03-04,63,JNJ
2018-03-11,0,JNJ
2018-03-18,43,JNJ
2018-03-25,88,JNJ
2018-04-01,0,JNJ
2018-04-08,0,JNJ
2018-04-15,0,JNJ
2018-04-22,43,JNJ
2018-04-29,0,JNJ
2018-05-06,0,JNJ
2018-05-13,0,JNJ
2018-05-20,43,JNJ
2018-05-27,0,JNJ
2018-06-03,0,JNJ
2018-06-10,42,JNJ
2018-06-17,0,JNJ
2018-06-24,43,JNJ
2018-07-01,43,JNJ
2018-07-08,85,JNJ
2018-07-15,0,JNJ
2018-07-22,0,JNJ
2018-07-29,0,JNJ
2018-08-05,0,JNJ
2018-08-12,0,JNJ
2018-08-19,43,JNJ
2018-08-26,84,JNJ
2018-09-02,0,JNJ
2018-09-09,42,JNJ
2018-09-16,0,JNJ
2018-09-23,42,JNJ
2018-09-30,0,JNJ
2018-10-07,0,JNJ
2018-10-14,0,JNJ
2018-10-21,42,JNJ
2018-10-28,42,JNJ
2018-11-04,83,JNJ
2018-11-11,0,JNJ
2018-11-18,0,JNJ
2018-11-25,0,JNJ
2018-12-02,0,JNJ
2018-12-09,43,JNJ
2018-12-16,0,JNJ
2018-12-23,0,JNJ
2018-12-30,0,JNJ
2019-01-06,42,JNJ
2019-01-13,41,JNJ
2019-01-20,0,JNJ
2019-01-27,82,JNJ
2019-02-03,41,JNJ
2019-02-10,41,JNJ
2019-02-17,0,JNJ
2019-02-24,0,JNJ
2019-03-03,0,JNJ
2019-03-10,0,JNJ
2019-03-17,41,JNJ
2019-03-24,42,JNJ
2019-03-31,41,JNJ
2019-04-07,0,JNJ
2019-04-14,43,JNJ
2019-04-21,0,JNJ
2019-04-28,0,JNJ
2019-05-05,0,JNJ
2019-05-12,42,JNJ
2019-05-19,41,JNJ
2019-05-26,0,JNJ
2019-06-02,0,JNJ
2019-06-09,0,JNJ
2019-06-16,0,JNJ
2019-06-23,0,JNJ
2019-06-30,0,JNJ
2019-07-07,0,JNJ
2019-07-14,0,JNJ
2019-07-21,43,JNJ
2019-07-28,0,JNJ
2019-08-04,0,JNJ
2019-08-11,42,JNJ
2019-08-18,0,JNJ
2019-08-25,40,JNJ
2019-09-01,0,JNJ
2019-09-08,40,JNJ
2019-09-15,40,JNJ
2019-09-22,39,JNJ
2019-09-29,39,JNJ
2019-10-06,39,JNJ
2019-10-13,39,JNJ
2019-10-20,39,JNJ
2019-10-27,0,JNJ
2019-11-03,0,JNJ
2019-11-10,0,JNJ
2019-11-17,0,JNJ
2019-11-24,38,JNJ
2019-12-01,38,JNJ
2019-12-08,0,JNJ
2019-12-15,40,JNJ
2019-12-22,0,JNJ
2019-12-29,82,JNJ
2020-01-05,0,JNJ
2020-01-12,0,JNJ
2020-01-19,37,JNJ
2020-01-26,74,JNJ
2020-02-02,0,JNJ
2020-02-09,0,JNJ
2020-02-16,37,JNJ
2020-02-23,0,JNJ
2020-03-01,35,JNJ
2020-03-08,35,JNJ
2020-03-15,70,JNJ
2020-03-22,34,JNJ
2020-03-29,0,JNJ
2020-04-05,0,JNJ
2020-04-12,34,JNJ
2020-04-19,50,JNJ
2020-04-26,33,JNJ
2020-05-03,0,JNJ
2020-05-10,34,JNJ
2020-05-17,34,JNJ
2020-05-24,34,JNJ
2020-05-31,66,JNJ
2020-06-07,34,JNJ
2020-06-14,35,JNJ
2020-06-21,0,JNJ
2020-06-28,0,JNJ
2020-07-05,0,JNJ
2020-07-12,0,JNJ
2020-07-19,0,JNJ
2020-07-26,0,JNJ
2020-08-02,36,JNJ
2020-08-09,72,JNJ
2020-08-16,0,JNJ
2020-08-23,35,JNJ
2020-08-30,35,JNJ
2020-09-06,35,JNJ
2020-09-13,40,JNJ
2015-09-27,47,PG
2015-10-04,0,PG
2015-10-11,47,PG
2015-10-18,0,PG
2015-10-25,0,PG
2015-11-01,0,PG
2015-11-08,0,PG
2015-11-15,0,PG
2015-11-22,0,PG
2015-11-29,0,PG
2015-12-06,0,PG
2015-12-13,0,PG
2015-12-20,0,PG
2015-12-27,53,PG
2016-01-03,0,PG
2016-01-10,0,PG
2016-01-17,0,PG
2016-01-24,0,PG
2016-01-31,0,PG
2016-02-07,0,PG
2016-02-14,0,PG
2016-02-21,0,PG
2016-02-28,0,PG
2016-03-06,48,PG
2016-03-13,0,PG
2016-03-20,100,PG
2016-03-27,49,PG
2016-04-03,0,PG
2016-04-10,49,PG
2016-04-17,0,PG
2016-04-24,0,PG
2016-05-01,0,PG
2016-05-08,49,PG
2016-05-15,0,PG
2016-05-22,0,PG
2016-05-29,0,PG
2016-06-05,49,PG
2016-06-12,0,PG
2016-06-19,0,PG
2016-06-26,0,PG
2016-07-03,0,PG
2016-07-10,0,PG
2016-07-17,0,PG
2016-07-24,0,PG
2016-07-31,0,PG
2016-08-07,0,PG
2016-08-14,0,PG
2016-08-21,0,PG
2016-08-28,0,PG
2016-09-04,0,PG
2016-09-11,0,PG
2016-09-18,0,PG
2016-09-25,0,PG
2016-10-02,0,PG
2016-10-09,0,PG
2016-10-16,49,PG
2016-10-23,50,PG
2016-10-30,0,PG
2016-11-06,48,PG
2016-11-13,0,PG
2016-11-20,0,PG
2016-11-27,47,PG
2016-12-04,0,PG
2016-12-11,0,PG
2016-12-18,0,PG
2016-12-25,0,PG
2017-01-01,0,PG
2017-01-08,0,PG
2017-01-15,46,PG
2017-01-22,0,PG
2017-01-29,45,PG
2017-02-05,0,PG
2017-02-12,0,PG
2017-02-19,0,PG
2017-02-26,44,PG
2017-03-05,0,PG
2017-03-12,44,PG
2017-03-19,0,PG
2017-03-26,90,PG
2017-04-02,0,PG
2017-04-09,46,PG
2017-04-16,46,PG
2017-04-23,44,PG
2017-04-30,0,PG
2017-05-07,0,PG
2017-05-14,0,PG
2017-05-21,0,PG
2017-05-28,0,PG
2017-06-04,0,PG
2017-06-11,0,PG
2017-06-18,47,PG
2017-06-25,0,PG
2017-07-02,0,PG
2017-07-09,0,PG
2017-07-16,0,PG
2017-07-23,0,PG
2017-07-30,0,PG
2017-08-06,0,PG
2017-08-13,0,PG
2017-08-20,0,PG
2017-08-27,0,PG
2017-09-03,0,PG
2017-09-10,0,PG
2017-09-17,0,PG
2017-09-24,0,PG
2017-10-01,0,PG
2017-10-08,0,PG
2017-10-15,0,PG
2017-10-22,0,PG
2017-10-29,45,PG
2017-11-05,44,PG
2017-11-12,43,PG
2017-11-19,0,PG
2017-11-26,0,PG
2017-12-03,0,PG
2017-12-10,0,PG
2017-12-17,0,PG
2017-12-24,0,PG
2017-12-31,46,PG
2018-01-07,0,PG
2018-01-14,42,PG
2018-01-21,42,PG
2018-01-28,0,PG
2018-02-04,43,PG
2018-02-11,86,PG
2018-02-18,42,PG
2018-02-25,0,PG
2018-03-04,0,PG
2018-03-11,0,PG
2018-03-18,0,PG
2018-03-25,44,PG
2018-04-01,43,PG
2018-04-08,42,PG
2018-04-15,43,PG
2018-04-22,42,PG
2018-04-29,44,PG
2018-05-06,43,PG
2018-05-13,0,PG
2018-05-20,0,PG
2018-05-27,0,PG
2018-06-03,43,PG
2018-06-10,0,PG
2018-06-17,42,PG
2018-06-24,42,PG
2018-07-01,0,PG
2018-07-08,43,PG
2018-07-15,44,PG
2018-07-22,0,PG
2018-07-29,0,PG
2018-08-05,0,PG
2018-08-12,0,PG
2018-08-19,0,PG
2018-08-26,0,PG
2018-09-02,0,PG
2018-09-09,0,PG
2018-09-16,0,PG
2018-09-23,42,PG
2018-09-30,0,PG
2018-10-07,42,PG
2018-10-14,0,PG
2018-10-21,0,PG
2018-10-28,0,PG
2018-11-04,0,PG
2018-11-11,42,PG
2018-11-18,0,PG
2018-11-25,41,PG
2018-12-02,42,PG
2018-12-09,0,PG
2018-12-16,0,PG
2018-12-23,0,PG
2018-12-30,0,PG
2019-01-06,0,PG
2019-01-13,0,PG
2019-01-20,0,PG
2019-01-27,0,PG
2019-02-03,40,PG
2019-02-10,0,PG
2019-02-17,0,PG
2019-02-24,0,PG
2019-03-03,0,PG
2019-03-10,0,PG
2019-03-17,0,PG
2019-03-24,82,PG
2019-03-31,82,PG
2019-04-07,42,PG
2019-04-14,0,PG
2019-04-21,63,PG
2019-04-28,0,PG
2019-05-05,0,PG
2019-05-12,0,PG
2019-05-19,0,PG
2019-05-26,0,PG
2019-06-02,0,PG
2019-06-09,0,PG
2019-06-16,0,PG
2019-06-23,0,PG
2019-06-30,0,PG
2019-07-07,0,PG
2019-07-14,41,PG
2019-07-21,0,PG
2019-07-28,0,PG
2019-08-04,43,PG
2019-08-11,0,PG
2019-08-18,0,PG
2019-08-25,0,PG
2019-09-01,40,PG
2019-09-08,39,PG
2019-09-15,0,PG
2019-09-22,0,PG
2019-09-29,0,PG
2019-10-06,0,PG
2019-10-13,38,PG
2019-10-20,0,PG
2019-10-27,0,PG
2019-11-03,0,PG
2019-11-10,0,PG
2019-11-17,0,PG
2019-11-24,0,PG
2019-12-01,0,PG
2019-12-08,39,PG
2019-12-15,39,PG
2019-12-22,0,PG
2019-12-29,0,PG
2020-01-05,0,PG
2020-01-12,36,PG
2020-01-19,0,PG
2020-01-26,0,PG
2020-02-02,37,PG
2020-02-09,0,PG
2020-02-16,0,PG
2020-02-23,0,PG
2020-03-01,35,PG
2020-03-08,35,PG
2020-03-15,0,PG
2020-03-22,0,PG
2020-03-29,33,PG
2020-04-05,0,PG
2020-04-12,0,PG
2020-04-19,33,PG
2020-04-26,33,PG
2020-05-03,33,PG
2020-05-10,33,PG
2020-05-17,0,PG
2020-05-24,0,PG
2020-05-31,0,PG
2020-06-07,0,PG
2020-06-14,0,PG
2020-06-21,35,PG
2020-06-28,0,PG
2020-07-05,0,PG
2020-07-12,36,PG
2020-07-19,0,PG
2020-07-26,0,PG
2020-08-02,36,PG
2020-08-09,0,PG
2020-08-16,0,PG
2020-08-23,35,PG
2020-08-30,0,PG
2020-09-06,0,PG
2020-09-13,0,PG
2015-09-27,36,V
2015-10-04,51,V
2015-10-11,36,V
2015-10-18,40,V
2015-10-25,32,V
2015-11-01,34,V
2015-11-08,34,V
2015-11-15,39,V
2015-11-22,49,V
2015-11-29,45,V
2015-12-06,58,V
2015-12-13,59,V
2015-12-20,94,V
2015-12-27,54,V
2016-01-03,47,V
2016-01-10,49,V
2016-01-17,39,V
2016-01-24,51,V
2016-01-31,48,V
2016-02-07,41,V
2016-02-14,40,V
2016-02-21,45,V
2016-02-28,36,V
2016-03-06,36,V
2016-03-13,40,V
2016-03-20,43,V
2016-03-27,46,V
2016-04-03,54,V
2016-04-10,26,V
2016-04-17,45,V
2016-04-24,33,V
2016-05-01,36,V
2016-05-08,30,V
2016-05-15,21,V
2016-05-22,37,V
2016-05-29,52,V
2016-06-05,27,V
2016-06-12,37,V
2016-06-19,40,V
2016-06-26,40,V
2016-07-03,27,V
2016-07-10,48,V
2016-07-17,36,V
2016-07-24,23,V
2016-07-31,40,V
2016-08-07,27,V
2016-08-14,36,V
2016-08-21,38,V
2016-08-28,33,V
2016-09-04,35,V
2016-09-11,24,V
2016-09-18,32,V
2016-09-25,25,V
2016-10-02,32,V
2016-10-09,47,V
2016-10-16,36,V
2016-10-23,30,V
2016-10-30,38,V
2016-11-06,42,V
2016-11-13,30,V
2016-11-20,57,V
2016-11-27,46,V
2016-12-04,68,V
2016-12-11,70,V
2016-12-18,85,V
2016-12-25,70,V
2017-01-01,30,V
2017-01-08,50,V
2017-01-15,43,V
2017-01-22,59,V
2017-01-29,46,V
2017-02-05,60,V
2017-02-12,34,V
2017-02-19,36,V
2017-02-26,51,V
2017-03-05,53,V
2017-03-12,36,V
2017-03-19,48,V
2017-03-26,46,V
2017-04-02,28,V
2017-04-09,49,V
2017-04-16,57,V
2017-04-23,44,V
2017-04-30,38,V
2017-05-07,46,V
2017-05-14,40,V
2017-05-21,46,V
2017-05-28,44,V
2017-06-04,34,V
2017-06-11,55,V
2017-06-18,51,V
2017-06-25,44,V
2017-07-02,46,V
2017-07-09,49,V
2017-07-16,47,V
2017-07-23,50,V
2017-07-30,37,V
2017-08-06,29,V
2017-08-13,54,V
2017-08-20,34,V
2017-08-27,39,V
2017-09-03,40,V
2017-09-10,36,V
2017-09-17,41,V
2017-09-24,30,V
2017-10-01,39,V
2017-10-08,40,V
2017-10-15,44,V
2017-10-22,48,V
2017-10-29,45,V
2017-11-05,46,V
2017-11-12,41,V
2017-11-19,40,V
2017-11-26,39,V
2017-12-03,74,V
2017-12-10,75,V
2017-12-17,85,V
2017-12-24,73,V
2017-12-31,63,V
2018-01-07,47,V
2018-01-14,66,V
2018-01-21,41,V
2018-01-28,48,V
2018-02-04,43,V
2018-02-11,36,V
2018-02-18,43,V
2018-02-25,36,V
2018-03-04,42,V
2018-03-11,44,V
2018-03-18,31,V
2018-03-25,33,V
2018-04-01,36,V
2018-04-08,38,V
2018-04-15,45,V
2018-04-22,45,V
2018-04-29,44,V
2018-05-06,51,V
2018-05-13,40,V
2018-05-20,44,V
2018-05-27,36,V
2018-06-03,51,V
2018-06-10,36,V
2018-06-17,37,V
2018-06-24,42,V
2018-07-01,36,V
2018-07-08,44,V
2018-07-15,50,V
2018-07-22,53,V
2018-07-29,26,V
2018-08-05,41,V
2018-08-12,26,V
2018-08-19,37,V
2018-08-26,59,V
2018-09-02,42,V
2018-09-09,38,V
2018-09-16,37,V
2018-09-23,31,V
2018-09-30,39,V
2018-10-07,50,V
2018-10-14,32,V
2018-10-21,33,V
2018-10-28,40,V
2018-11-04,40,V
2018-11-11,49,V
2018-11-18,49,V
2018-11-25,45,V
2018-12-02,50,V
2018-12-09,55,V
2018-12-16,70,V
2018-12-23,89,V
2018-12-30,62,V
2019-01-06,48,V
2019-01-13,27,V
2019-01-20,43,V
2019-01-27,32,V
2019-02-03,29,V
2019-02-10,38,V
2019-02-17,50,V
2019-02-24,32,V
2019-03-03,36,V
2019-03-10,37,V
2019-03-17,25,V
2019-03-24,36,V
2019-03-31,26,V
2019-04-07,34,V
2019-04-14,50,V
2019-04-21,40,V
2019-04-28,42,V
2019-05-05,42,V
2019-05-12,47,V
2019-05-19,56,V
2019-05-26,47,V
2019-06-02,50,V
2019-06-09,44,V
2019-06-16,44,V
2019-06-23,40,V
2019-06-30,43,V
2019-07-07,42,V
2019-07-14,39,V
2019-07-21,40,V
2019-07-28,31,V
2019-08-04,31,V
2019-08-11,51,V
2019-08-18,39,V
2019-08-25,34,V
2019-09-01,47,V
2019-09-08,34,V
2019-09-15,43,V
2019-09-22,62,V
2019-09-29,49,V
2019-10-06,37,V
2019-10-13,33,V
2019-10-20,35,V
2019-10-27,35,V
2019-11-03,37,V
2019-11-10,34,V
2019-11-17,37,V
2019-11-24,55,V
2019-12-01,57,V
2019-12-08,55,V
2019-12-15,68,V
2019-12-22,100,V
2019-12-29,69,V
2020-01-05,38,V
2020-01-12,60,V
2020-01-19,40,V
2020-01-26,55,V
2020-02-02,40,V
2020-02-09,62,V
2020-02-16,38,V
2020-02-23,40,V
2020-03-01,45,V
2020-03-08,28,V
2020-03-15,26,V
2020-03-22,23,V
2020-03-29,38,V
2020-04-05,39,V
2020-04-12,35,V
2020-04-19,26,V
2020-04-26,19,V
2020-05-03,43,V
2020-05-10,34,V
2020-05-17,22,V
2020-05-24,38,V
2020-05-31,33,V
2020-06-07,45,V
2020-06-14,24,V
2020-06-21,29,V
2020-06-28,37,V
2020-07-05,34,V
2020-07-12,56,V
2020-07-19,53,V
2020-07-26,13,V
2020-08-02,29,V
2020-08-09,31,V
2020-08-16,39,V
2020-08-23,42,V
2020-08-30,44,V
2020-09-06,40,V
2020-09-13,41,V
2015-09-27,37,HD
2015-10-04,42,HD
2015-10-11,47,HD
2015-10-18,36,HD
2015-10-25,37,HD
2015-11-01,45,HD
2015-11-08,43,HD
2015-11-15,41,HD
2015-11-22,55,HD
2015-11-29,49,HD
2015-12-06,50,HD
2015-12-13,49,HD
2015-12-20,46,HD
2015-12-27,48,HD
2016-01-03,38,HD
2016-01-10,35,HD
2016-01-17,34,HD
2016-01-24,33,HD
2016-01-31,25,HD
2016-02-07,46,HD
2016-02-14,35,HD
2016-02-21,35,HD
2016-02-28,35,HD
2016-03-06,37,HD
2016-03-13,35,HD
2016-03-20,48,HD
2016-03-27,42,HD
2016-04-03,39,HD
2016-04-10,31,HD
2016-04-17,45,HD
2016-04-24,33,HD
2016-05-01,37,HD
2016-05-08,52,HD
2016-05-15,47,HD
2016-05-22,47,HD
2016-05-29,45,HD
2016-06-05,44,HD
2016-06-12,49,HD
2016-06-19,45,HD
2016-06-26,40,HD
2016-07-03,46,HD
2016-07-10,42,HD
2016-07-17,42,HD
2016-07-24,38,HD
2016-07-31,52,HD
2016-08-07,42,HD
2016-08-14,44,HD
2016-08-21,35,HD
2016-08-28,43,HD
2016-09-04,39,HD
2016-09-11,33,HD
2016-09-18,42,HD
2016-09-25,37,HD
2016-10-02,34,HD
2016-10-09,34,HD
2016-10-16,38,HD
2016-10-23,45,HD
2016-10-30,41,HD
2016-11-06,30,HD
2016-11-13,51,HD
2016-11-20,42,HD
2016-11-27,48,HD
2016-12-04,45,HD
2016-12-11,49,HD
2016-12-18,56,HD
2016-12-25,52,HD
2017-01-01,45,HD
2017-01-08,36,HD
2017-01-15,42,HD
2017-01-22,37,HD
2017-01-29,36,HD
2017-02-05,35,HD
2017-02-12,35,HD
2017-02-19,34,HD
2017-02-26,33,HD
2017-03-05,47,HD
2017-03-12,39,HD
2017-03-19,46,HD
2017-03-26,44,HD
2017-04-02,45,HD
2017-04-09,44,HD
2017-04-16,47,HD
2017-04-23,52,HD
2017-04-30,40,HD
2017-05-07,57,HD
2017-05-14,50,HD
2017-05-21,48,HD
2017-05-28,59,HD
2017-06-04,46,HD
2017-06-11,62,HD
2017-06-18,44,HD
2017-06-25,70,HD
2017-07-02,49,HD
2017-07-09,44,HD
2017-07-16,51,HD
2017-07-23,47,HD
2017-07-30,49,HD
2017-08-06,50,HD
2017-08-13,63,HD
2017-08-20,59,HD
2017-08-27,53,HD
2017-09-03,53,HD
2017-09-10,27,HD
2017-09-17,43,HD
2017-09-24,51,HD
2017-10-01,41,HD
2017-10-08,46,HD
2017-10-15,41,HD
2017-10-22,40,HD
2017-10-29,39,HD
2017-11-05,41,HD
2017-11-12,49,HD
2017-11-19,52,HD
2017-11-26,42,HD
2017-12-03,46,HD
2017-12-10,38,HD
2017-12-17,42,HD
2017-12-24,39,HD
2017-12-31,51,HD
2018-01-07,39,HD
2018-01-14,35,HD
2018-01-21,42,HD
2018-01-28,40,HD
2018-02-04,34,HD
2018-02-11,32,HD
2018-02-18,37,HD
2018-02-25,27,HD
2018-03-04,42,HD
2018-03-11,52,HD
2018-03-18,38,HD
2018-03-25,50,HD
2018-04-01,38,HD
2018-04-08,35,HD
2018-04-15,50,HD
2018-04-22,42,HD
2018-04-29,48,HD
2018-05-06,58,HD
2018-05-13,48,HD
2018-05-20,53,HD
2018-05-27,49,HD
2018-06-03,51,HD
2018-06-10,61,HD
2018-06-17,49,HD
2018-06-24,52,HD
2018-07-01,63,HD
2018-07-08,45,HD
2018-07-15,59,HD
2018-07-22,59,HD
2018-07-29,54,HD
2018-08-05,55,HD
2018-08-12,42,HD
2018-08-19,51,HD
2018-08-26,51,HD
2018-09-02,53,HD
2018-09-09,45,HD
2018-09-16,40,HD
2018-09-23,44,HD
2018-09-30,37,HD
2018-10-07,46,HD
2018-10-14,42,HD
2018-10-21,35,HD
2018-10-28,35,HD
2018-11-04,42,HD
2018-11-11,44,HD
2018-11-18,51,HD
2018-11-25,49,HD
2018-12-02,40,HD
2018-12-09,40,HD
2018-12-16,56,HD
2018-12-23,54,HD
2018-12-30,46,HD
2019-01-06,38,HD
2019-01-13,39,HD
2019-01-20,41,HD
2019-01-27,36,HD
2019-02-03,37,HD
2019-02-10,38,HD
2019-02-17,43,HD
2019-02-24,44,HD
2019-03-03,39,HD
2019-03-10,46,HD
2019-03-17,43,HD
2019-03-24,48,HD
2019-03-31,45,HD
2019-04-07,45,HD
2019-04-14,45,HD
2019-04-21,54,HD
2019-04-28,47,HD
2019-05-05,62,HD
2019-05-12,60,HD
2019-05-19,58,HD
2019-05-26,63,HD
2019-06-02,55,HD
2019-06-09,54,HD
2019-06-16,49,HD
2019-06-23,54,HD
2019-06-30,65,HD
2019-07-07,65,HD
2019-07-14,59,HD
2019-07-21,48,HD
2019-07-28,54,HD
2019-08-04,48,HD
2019-08-11,55,HD
2019-08-18,49,HD
2019-08-25,59,HD
2019-09-01,56,HD
2019-09-08,51,HD
2019-09-15,47,HD
2019-09-22,48,HD
2019-09-29,44,HD
2019-10-06,46,HD
2019-10-13,37,HD
2019-10-20,51,HD
2019-10-27,48,HD
2019-11-03,48,HD
2019-11-10,53,HD
2019-11-17,58,HD
2019-11-24,55,HD
2019-12-01,60,HD
2019-12-08,46,HD
2019-12-15,50,HD
2019-12-22,50,HD
2019-12-29,53,HD
2020-01-05,42,HD
2020-01-12,42,HD
2020-01-19,42,HD
2020-01-26,52,HD
2020-02-02,46,HD
2020-02-09,50,HD
2020-02-16,48,HD
2020-02-23,46,HD
2020-03-01,48,HD
2020-03-08,66,HD
2020-03-15,69,HD
2020-03-22,66,HD
2020-03-29,72,HD
2020-04-05,66,HD
2020-04-12,79,HD
2020-04-19,88,HD
2020-04-26,90,HD
2020-05-03,96,HD
2020-05-10,100,HD
2020-05-17,95,HD
2020-05-24,93,HD
2020-05-31,96,HD
2020-06-07,83,HD
2020-06-14,83,HD
2020-06-21,72,HD
2020-06-28,80,HD
2020-07-05,74,HD
2020-07-12,78,HD
2020-07-19,59,HD
2020-07-26,77,HD
2020-08-02,70,HD
2020-08-09,83,HD
2020-08-16,75,HD
2020-08-23,71,HD
2020-08-30,67,HD
2020-09-06,53,HD
2020-09-13,58,HD
2015-09-27,22,JPM
2015-10-04,22,JPM
2015-10-11,33,JPM
2015-10-18,43,JPM
2015-10-25,44,JPM
2015-11-01,0,JPM
2015-11-08,22,JPM
2015-11-15,21,JPM
2015-11-22,32,JPM
2015-11-29,32,JPM
2015-12-06,43,JPM
2015-12-13,22,JPM
2015-12-20,25,JPM
2015-12-27,25,JPM
2016-01-03,23,JPM
2016-01-10,97,JPM
2016-01-17,23,JPM
2016-01-24,34,JPM
2016-01-31,0,JPM
2016-02-07,23,JPM
2016-02-14,22,JPM
2016-02-21,22,JPM
2016-02-28,22,JPM
2016-03-06,22,JPM
2016-03-13,22,JPM
2016-03-20,23,JPM
2016-03-27,23,JPM
2016-04-03,22,JPM
2016-04-10,30,JPM
2016-04-17,45,JPM
2016-04-24,45,JPM
2016-05-01,23,JPM
2016-05-08,23,JPM
2016-05-15,23,JPM
2016-05-22,23,JPM
2016-05-29,0,JPM
2016-06-05,23,JPM
2016-06-12,22,JPM
2016-06-19,0,JPM
2016-06-26,46,JPM
2016-07-03,25,JPM
2016-07-10,0,JPM
2016-07-17,0,JPM
2016-07-24,36,JPM
2016-07-31,0,JPM
2016-08-07,100,JPM
2016-08-14,38,JPM
2016-08-21,24,JPM
2016-08-28,23,JPM
2016-09-04,23,JPM
2016-09-11,23,JPM
2016-09-18,0,JPM
2016-09-25,46,JPM
2016-10-02,35,JPM
2016-10-09,0,JPM
2016-10-16,38,JPM
2016-10-23,23,JPM
2016-10-30,23,JPM
2016-11-06,22,JPM
2016-11-13,22,JPM
2016-11-20,0,JPM
2016-11-27,0,JPM
2016-12-04,21,JPM
2016-12-11,22,JPM
2016-12-18,23,JPM
2016-12-25,0,JPM
2017-01-01,22,JPM
2017-01-08,21,JPM
2017-01-15,42,JPM
2017-01-22,43,JPM
2017-01-29,21,JPM
2017-02-05,0,JPM
2017-02-12,21,JPM
2017-02-19,21,JPM
2017-02-26,20,JPM
2017-03-05,20,JPM
2017-03-12,20,JPM
2017-03-19,0,JPM
2017-03-26,21,JPM
2017-04-02,0,JPM
2017-04-09,0,JPM
2017-04-16,21,JPM
2017-04-23,21,JPM
2017-04-30,32,JPM
2017-05-07,21,JPM
2017-05-14,22,JPM
2017-05-21,22,JPM
2017-05-28,0,JPM
2017-06-04,0,JPM
2017-06-11,22,JPM
2017-06-18,0,JPM
2017-06-25,23,JPM
2017-07-02,34,JPM
2017-07-09,45,JPM
2017-07-16,23,JPM
2017-07-23,22,JPM
2017-07-30,22,JPM
2017-08-06,21,JPM
2017-08-13,22,JPM
2017-08-20,22,JPM
2017-08-27,21,JPM
2017-09-03,21,JPM
2017-09-10,42,JPM
2017-09-17,21,JPM
2017-09-24,43,JPM
2017-10-01,28,JPM
2017-10-08,42,JPM
2017-10-15,31,JPM
2017-10-22,21,JPM
2017-10-29,21,JPM
2017-11-05,30,JPM
2017-11-12,31,JPM
2017-11-19,34,JPM
2017-11-26,40,JPM
2017-12-03,21,JPM
2017-12-10,34,JPM
2017-12-17,0,JPM
2017-12-24,23,JPM
2017-12-31,0,JPM
2018-01-07,30,JPM
2018-01-14,20,JPM
2018-01-21,0,JPM
2018-01-28,20,JPM
2018-02-04,39,JPM
2018-02-11,53,JPM
2018-02-18,20,JPM
2018-02-25,39,JPM
2018-03-04,0,JPM
2018-03-11,19,JPM
2018-03-18,20,JPM
2018-03-25,20,JPM
2018-04-01,0,JPM
2018-04-08,20,JPM
2018-04-15,0,JPM
2018-04-22,20,JPM
2018-04-29,20,JPM
2018-05-06,30,JPM
2018-05-13,20,JPM
2018-05-20,20,JPM
2018-05-27,20,JPM
2018-06-03,0,JPM
2018-06-10,19,JPM
2018-06-17,20,JPM
2018-06-24,49,JPM
2018-07-01,79,JPM
2018-07-08,20,JPM
2018-07-15,0,JPM
2018-07-22,30,JPM
2018-07-29,0,JPM
2018-08-05,39,JPM
2018-08-12,33,JPM
2018-08-19,40,JPM
2018-08-26,20,JPM
2018-09-02,19,JPM
2018-09-09,77,JPM
2018-09-16,19,JPM
2018-09-23,32,JPM
2018-09-30,19,JPM
2018-10-07,19,JPM
2018-10-14,0,JPM
2018-10-21,19,JPM
2018-10-28,20,JPM
2018-11-04,19,JPM
2018-11-11,29,JPM
2018-11-18,20,JPM
2018-11-25,19,JPM
2018-12-02,58,JPM
2018-12-09,20,JPM
2018-12-16,20,JPM
2018-12-23,33,JPM
2018-12-30,42,JPM
2019-01-06,19,JPM
2019-01-13,25,JPM
2019-01-20,19,JPM
2019-01-27,19,JPM
2019-02-03,28,JPM
2019-02-10,19,JPM
2019-02-17,19,JPM
2019-02-24,37,JPM
2019-03-03,19,JPM
2019-03-10,25,JPM
2019-03-17,38,JPM
2019-03-24,29,JPM
2019-03-31,0,JPM
2019-04-07,0,JPM
2019-04-14,30,JPM
2019-04-21,39,JPM
2019-04-28,0,JPM
2019-05-05,19,JPM
2019-05-12,19,JPM
2019-05-19,19,JPM
2019-05-26,19,JPM
2019-06-02,19,JPM
2019-06-09,0,JPM
2019-06-16,25,JPM
2019-06-23,19,JPM
2019-06-30,19,JPM
2019-07-07,19,JPM
2019-07-14,19,JPM
2019-07-21,0,JPM
2019-07-28,20,JPM
2019-08-04,0,JPM
2019-08-11,19,JPM
2019-08-18,0,JPM
2019-08-25,19,JPM
2019-09-01,56,JPM
2019-09-08,18,JPM
2019-09-15,18,JPM
2019-09-22,18,JPM
2019-09-29,18,JPM
2019-10-06,36,JPM
2019-10-13,35,JPM
2019-10-20,53,JPM
2019-10-27,18,JPM
2019-11-03,18,JPM
2019-11-10,26,JPM
2019-11-17,0,JPM
2019-11-24,53,JPM
2019-12-01,35,JPM
2019-12-08,18,JPM
2019-12-15,18,JPM
2019-12-22,20,JPM
2019-12-29,38,JPM
2020-01-05,17,JPM
2020-01-12,17,JPM
2020-01-19,34,JPM
2020-01-26,34,JPM
2020-02-02,25,JPM
2020-02-09,34,JPM
2020-02-16,17,JPM
2020-02-23,33,JPM
2020-03-01,22,JPM
2020-03-08,32,JPM
2020-03-15,16,JPM
2020-03-22,0,JPM
2020-03-29,31,JPM
2020-04-05,21,JPM
2020-04-12,36,JPM
2020-04-19,15,JPM
2020-04-26,38,JPM
2020-05-03,31,JPM
2020-05-10,31,JPM
2020-05-17,24,JPM
2020-05-24,39,JPM
2020-05-31,15,JPM
2020-06-07,31,JPM
2020-06-14,16,JPM
2020-06-21,24,JPM
2020-06-28,16,JPM
2020-07-05,25,JPM
2020-07-12,33,JPM
2020-07-19,25,JPM
2020-07-26,17,JPM
2020-08-02,33,JPM
2020-08-09,16,JPM
2020-08-16,16,JPM
2020-08-23,32,JPM
2020-08-30,21,JPM
2020-09-06,24,JPM
2020-09-13,18,JPM
